id,cod_mutacion ,cod_enfermedad_genetica
1,c.8226+5G>A,1
2,c.315+1G>C,2
3,c.1118del,3
4,c.245_246ins[GCAGCCTCATGGTGGTGGCTGGGGGCAGCCCCAT;160_245],4
5,c.953del,5
6,c.222C>A,6
7,c.833T>C,7
8,c.1982T>C,8
9,c.1090A>T,9
10,c.1135G>A,10
11,c.2636C>A,11
12,c.1259G>A,12
13,c.1348G>T,13
14,c.2439_2452dup,14
15,c.654+1G>T,15
16,c.660+1G>A,16
17,c.1192C>T,17
18,c.1195T>C,18
19,c.4343T>C,19
20,c.1310T>C,20
21,c.433_449del,21
22,c.1448C>T,22
23,c.2353C>T,23
24,c.574C>A,24
25,c.1252G>A,25
26,2p16–22 deletion,26
27,c.3797G>T,27
28,c.4229_4233dup,28
29,c.2737C>T,29
30,2p16–23 deletion,30
31,c.736C>T,31
32,c.433_435delTGT,32
33,c.1495C>T,33
34,c.6262G>A,34
35,c.304C > T,35
36,c.1421G>T,36
37,c.68T>C,37
38,c.6203T>A,38
39,c.649_653delinsAAA,39
40,c.1769-2delA,40
41,c.268C>T,41
42,c.2041C>T,42
43,c.1126A>G,43
44,c.1516A>G,44
45,c.898del,45
46,c.18_28delAGAGAGGCCAA,46
47,c.3603_3606del,47
48,c.99_106dupGAGCCCGG,48
49,c.7165–4A>G,49
50,c.641_667+25del,50
51,c.593A>G,51
52,c.12185G>A,52
53,c.286G>A,53
54,c.1974T>G,54
55,c.1505G>A,55
56,c.266G>A,56
57,c.598C>T,57
58,c.71G>A,58
59,c.1325A>G,59
60,c.683_684insA,60